Level,Accuracy,Precision,Recall,F1_Score
Character,0.7818800967828659,0.7892900987817419,0.7818800967828659,0.7830837353146101
Captcha,0.428194297782471,1.0,1.0,1.0
